<?xml version="1.0" encoding="UTF-8"?><rss version="2.0"
	xmlns:content="http://purl.org/rss/1.0/modules/content/"
	xmlns:wfw="http://wellformedweb.org/CommentAPI/"
	xmlns:dc="http://purl.org/dc/elements/1.1/"
	xmlns:atom="http://www.w3.org/2005/Atom"
	xmlns:sy="http://purl.org/rss/1.0/modules/syndication/"
	xmlns:slash="http://purl.org/rss/1.0/modules/slash/"
	>

<channel>
	<title>shristy &#8211; My Blogs</title>
	<atom:link href="http://localhost/wordpress/author/shristy/feed/" rel="self" type="application/rss+xml" />
	<link>http://shristysk1.github.io/abiza</link>
	<description>Just another WordPress site</description>
	<lastBuildDate>Sat, 08 Sep 2018 17:55:45 +0000</lastBuildDate>
	<language>en-US</language>
	<sy:updatePeriod>hourly</sy:updatePeriod>
	<sy:updateFrequency>1</sy:updateFrequency>
	<generator>https://wordpress.org/?v=4.9.8</generator>
	<item>
		<title>Hello world!</title>
		<link>http://shristysk1.github.io/abiza/2018/09/08/hello-world/</link>
		<comments>http://shristysk1.github.io/abiza/2018/09/08/hello-world/#comments</comments>
		<pubDate>Sat, 08 Sep 2018 17:55:45 +0000</pubDate>
		<dc:creator><![CDATA[shristy]]></dc:creator>
				<category><![CDATA[Uncategorized]]></category>

		<guid isPermaLink="false">http://shristysk1.github.io/abiza/?p=1</guid>
		<description><![CDATA[Welcome to WordPress. This is your first post. Edit or delete it, then start writing!]]></description>
				<content:encoded><![CDATA[<p>Welcome to WordPress. This is your first post. Edit or delete it, then start writing!</p>
]]></content:encoded>
			<wfw:commentRss>http://shristysk1.github.io/abiza/2018/09/08/hello-world/feed/</wfw:commentRss>
		<slash:comments>1</slash:comments>
		</item>
	</channel>
</rss>
